,Afghanistan,Albania,Algeria,American Samoa,Andorra,Angola,Anguilla,Antigua and Barbuda,Argentina,Armenia,Aruba,Australia,Austria,Azerbaijan,Bahamas,Bahrain,Bangladesh,Barbados,Belarus,Belgium,Belize,Benin,Bermuda,Bhutan,Bolivia,Bosnia and Herzegovina,Botswana,Brazil,British Virgin Islands,Brunei,Bulgaria,Burkina Faso,Burundi,Cambodia,Cameroon,Canada,Cayman Islands,Central African Republic,Chad,Chile,China,Colombia,Comoros,Congo,Cook Islands,Costa Rica,Croatia,Cuba,Cyprus,Denmark,Djibouti,Dominica,Dominican Republic,Ecuador,Egypt,El Salvador,Equatorial Guinea,Eritrea,Estonia,Eswatini,Ethiopia,Faeroe Islands,Fiji,Finland,France,French Guiana,French Polynesia,Gabon,Gambia,Georgia,Germany,Ghana,Gibraltar,Greece,Greenland,Grenada,Guadeloupe,Guam,Guatemala,Guinea,Guinea-Bissau,Guyana,Haiti,Honduras,Hungary,Iceland,India,Indonesia,Iran,Iraq,Ireland,Isle of Man,Israel,Italy,Jamaica,Japan,Jordan,Kazakhstan,Kenya,Kiribati,Kuwait,Kyrgyzstan,Laos,Latvia,Lebanon,Lesotho,Liberia,Libya,Liechtenstein,Lithuania,Luxembourg,Madagascar,Malawi,Malaysia,Maldives,Mali,Malta,Marshall Islands,Martinique,Mauritania,Mauritius,Mayotte,Mexico,Moldova,Monaco,Mongolia,Montenegro,Montserrat,Morocco,Mozambique,Myanmar,Namibia,Nauru,Nepal,Netherlands,New Caledonia,New Zealand,Nicaragua,Niger,Nigeria,North Macedonia,Northern Mariana Islands,Norway,Oman,Pakistan,Palau,Panama,Papua New Guinea,Paraguay,Peru,Philippines,Poland,Portugal,Puerto Rico,Qatar,Romania,Russia,Rwanda,Saint Barthelemy,Saint Lucia,Samoa,San Marino,Saudi Arabia,Senegal,Serbia,Seychelles,Sierra Leone,Singapore,Slovakia,Slovenia,Solomon Islands,Somalia,South Africa,South Korea,South Sudan,Spain,Sri Lanka,Sudan,Suriname,Sweden,Switzerland,Syria,Tajikistan,Tanzania,Thailand,Togo,Tonga,Trinidad and Tobago,Tunisia,Turkey,Uganda,Ukraine,United Arab Emirates,United Kingdom,United States,Uruguay,Uzbekistan,Vanuatu,Venezuela,Vietnam,Yemen,Zambia,Zimbabwe
12,0.0,0.0,0.0,0.0,0.0,0.0,0.0,0.0,0.0,0.0,0.0,0.0,0.0,0.0,0.0,0.0,0.0,0.0,0.0,0.0,0.0,0.0,0.0,0.0,0.0,0.0,0.0,0.0,0.0,0.0,0.0,0.0,0.0,0.0,0.0,0.0,0.0,0.0,0.0,0.0,6.953100857041228e-10,0.0,0.0,0.0,0.0,0.0,0.0,0.0,0.0,0.0,0.0,0.0,0.0,0.0,0.0,0.0,0.0,0.0,0.0,0.0,0.0,0.0,0.0,0.0,0.0,0.0,0.0,0.0,0.0,0.0,0.0,0.0,0.0,0.0,0.0,0.0,0.0,0.0,0.0,0.0,0.0,0.0,0.0,0.0,0.0,0.0,0.0,0.0,0.0,0.0,0.0,0.0,0.0,0.0,0.0,0.0,0.0,0.0,0.0,0.0,0.0,0.0,0.0,0.0,0.0,0.0,0.0,0.0,0.0,0.0,0.0,0.0,0.0,0.0,0.0,0.0,0.0,0.0,0.0,0.0,0.0,0.0,0.0,0.0,0.0,0.0,0.0,0.0,0.0,0.0,0.0,0.0,0.0,0.0,0.0,0.0,0.0,0.0,0.0,0.0,0.0,0.0,0.0,0.0,0.0,0.0,0.0,0.0,0.0,0.0,0.0,0.0,0.0,0.0,0.0,0.0,0.0,0.0,0.0,0.0,0.0,0.0,0.0,0.0,0.0,0.0,0.0,0.0,0.0,0.0,0.0,0.0,0.0,0.0,0.0,0.0,0.0,0.0,0.0,0.0,0.0,0.0,0.0,0.0,0.0,0.0,0.0,0.0,0.0,0.0,0.0,0.0,0.0,0.0,0.0,0.0,0.0,0.0,0.0,0.0,0.0,0.0,0.0
72,0.0,3.4741281675363566e-07,0.0,0.0,0.0,0.0,0.0,0.0,1.995068677911657e-07,0.0,0.0,2.7516627511816034e-07,1.1116024393893212e-07,0.0,0.0,0.0,0.0,0.0,0.0,6.908774895446486e-07,0.0,0.0,0.0,0.0,0.0,0.0,0.0,0.0,0.0,0.0,2.8741301983854e-07,0.0,0.0,0.0,0.0,2.65429623060738e-08,1.5252272588615704e-05,0.0,0.0,0.0,2.2277735145960096e-06,0.0,0.0,0.0,0.0,0.0,0.0,0.0,0.0,3.4553605426851054e-07,0.0,0.0,0.0,0.0,1.9621255612022477e-08,0.0,0.0,0.0,0.0,0.0,0.0,0.0,0.0,3.6107587612353274e-07,1.394750844467992e-06,0.0,0.0,0.0,0.0,0.0,9.793357411695894e-07,0.0,0.0,2.8754810320331465e-07,0.0,0.0,0.0,0.0,0.0,0.0,0.0,1.2726078789699003e-06,0.0,0.0,0.0,0.0,1.452186551227304e-09,1.4655680558455294e-08,8.642548457390451e-06,2.248222442925501e-07,4.059693736704503e-07,0.0,0.0,2.3826285118059325e-05,0.0,1.7384053205001091e-07,0.0,0.0,0.0,0.0,0.0,0.0,0.0,0.0,4.391457444215682e-07,0.0,0.0,0.0,0.0,0.0,1.6029211635284142e-06,0.0,0.0,0.0,0.0,0.0,0.0,0.0,0.0,0.0,0.0,0.0,0.0,0.0,0.0,0.0,0.0,0.0,2.715862672186712e-08,0.0,0.0,0.0,0.0,0.0,5.838635300739346e-07,0.0,0.0,0.0,0.0,0.0,0.0,0.0,1.8475300001921432e-07,0.0,0.0,0.0,2.325220715763392e-07,0.0,0.0,9.124924042611449e-08,1.0065854203989825e-07,7.925013522054322e-08,0.0,0.0,0.0,0.0,0.0,0.0,0.0,0.0,0.0,0.00014741869858772886,0.0,0.0,0.0,0.0,0.0,0.0,0.0,4.810280145905417e-07,0.0,0.0,0.0,1.4631178710191367e-06,0.0,5.197730324425001e-06,0.0,2.291884667871419e-08,0.0,1.9828422675744516e-07,2.314336411477905e-06,0.0,0.0,0.0,1.4333850426987487e-08,0.0,0.0,0.0,0.0,0.0,0.0,2.2838808122996667e-08,0.0,7.962945993914127e-07,2.087047610123294e-07,0.0,0.0,0.0,0.0,0.0,0.0,0.0,3.3742387801667914e-07
132,3.5103196040173646e-06,1.0769797319362705e-05,1.1880340115595938e-05,0.0,0.0006343863283272916,0.0,0.0,3.0686142138210385e-05,1.616005629108442e-05,1.6542111320306927e-05,2.8122802906022968e-05,4.048875191024359e-06,6.936399221789364e-05,3.260690742750768e-06,2.802712006053858e-05,5.9219639127363086e-06,1.721891143185799e-06,2.436435147317311e-05,1.576729587701086e-05,0.0007621242306539406,5.0489750580632134e-06,1.6590148753080272e-07,0.000128363525504228,0.0,1.0996413365143895e-05,3.653183780107562e-05,4.270494852131981e-07,5.842080553339255e-05,3.312355084465055e-05,2.2903001209278466e-06,1.379582495224992e-05,2.45423914712591e-06,8.464285708239796e-08,0.0,5.339862558754584e-06,0.00013682897068781043,1.5252272588615704e-05,0.0,2.6953451389450418e-06,1.8131507298403317e-05,3.2290200380099463e-06,9.710099752465331e-06,1.1551399105459654e-06,1.821762077508325e-06,0.0,1.37669638495263e-06,2.2869855438183997e-05,6.973877444079213e-06,1.4101131657289415e-05,9.312196662536359e-05,3.0456017956868187e-06,0.0,3.778052967009376e-05,0.0001327076929410083,5.454709060142249e-06,3.086605997368051e-06,5.025306005240676e-06,0.0,4.599063449734875e-05,1.7275528264059905e-06,2.186126953778823e-07,0.0,0.0,5.307815379015931e-05,0.0004142716546717072,3.3666746344633016e-06,0.0,4.0639521573490025e-06,0.0,2.7564217736271077e-06,0.00010593546370944216,0.0,0.0,1.4856651998837922e-05,0.0,0.0,3.249106495713679e-05,2.9678169925329724e-05,1.5129230525094125e-06,1.148854997496262e-06,1.5320724036990356e-06,1.2726078789699003e-05,1.582562969521156e-06,1.225702226077838e-05,4.5110329934470004e-05,2.934315350870758e-05,1.850811759539199e-06,3.821468705617218e-06,8.097017429071744e-05,2.8727286770714733e-06,0.0003056949383738491,0.0004002731275458548,3.094775231227233e-05,0.0005143236813895582,3.0420132449256685e-06,5.428565705379886e-06,8.838744183369766e-07,1.761825909390468e-06,7.473685713130496e-07,0.0,1.926015180287939e-05,1.8456416096209605e-06,0.0,1.005175064463464e-05,3.8059297849869246e-06,0.0,4.3716116284074474e-06,4.3782773230044907e-07,2.6242586469322416e-05,1.4288053758252725e-05,0.00016510087984342666,3.631199938008155e-08,1.5769201131219413e-07,3.4385967303591845e-06,7.427240891417452e-06,2.1863047683008865e-06,1.3595946595121775e-05,0.0,3.7301204562470195e-05,3.2226424153813044e-05,7.865673179706249e-06,5.1581146354134046e-05,7.64366326907104e-05,4.707848280421248e-05,2.551931812381973e-05,0.0,1.4330069262001433e-05,0.0002003606491685033,5.1058218237110185e-06,0.0,1.1042413394535787e-07,0.0,0.0,0.0,0.000323051691189908,0.0,4.362030230115789e-06,1.2105867017656105e-06,3.0398852938844504e-06,7.997967072827981e-07,4.559873782693695e-05,3.478865889719951e-05,4.2308437004400076e-05,3.347159728234257e-06,3.4592025469912894e-06,0.0,5.7897995822508463e-05,0.0,1.5461329528159579e-06,0.00031310656031547415,7.064399495891041e-06,2.2718372096555724e-05,0.00012271416685068892,4.348376629249755e-05,4.876482189345444e-06,5.3782612652380394e-05,1.579610916817826e-05,0.0,0.0,0.0,0.0,0.0012088333284193766,7.867122967483394e-06,0.0,2.5388001859042154e-05,0.0,2.7697765507947435e-06,3.595277243812528e-06,4.945855702644897e-06,5.3394109619550136e-05,0.0,3.291551726102385e-06,3.7021508414481717e-06,5.072141952866341e-06,0.0,0.0005989582080022588,4.206551788541689e-07,2.062696201084277e-06,1.7077640075073306e-06,0.00037029579346952883,0.00019590857723160467,1.723118617245557e-07,3.3711385451556632e-06,3.5372404804563e-07,8.026956239112993e-07,1.335343632474586e-06,0.0,5.72009160726709e-06,3.815719730806909e-06,4.696194145799479e-05,0.0,1.0414496504086479e-05,2.088011721246381e-05,0.0004964012055428356,0.00025697303023312294,5.4734316745762555e-06,3.296486703366153e-07,0.0,3.514712657478458e-07,0.0,4.3789895542235794e-07,4.925197468951965e-07,5.398782048266866e-07
192,2.622415233589443e-05,3.091974069107357e-05,2.286793791036675e-05,0.0,0.000673226307612636,7.964519169877772e-07,0.0,3.0686142138210385e-05,0.00012821641370045582,0.00019344142421501775,2.8122802906022968e-05,4.4419698697645885e-06,8.214742027087084e-05,2.94450254951433e-05,2.802712006053858e-05,6.395721025755213e-05,1.4547850612569772e-05,2.436435147317311e-05,4.910084085189959e-05,0.0008426978178720853,5.0489750580632134e-06,2.156719337900435e-06,0.00014440896619225647,0.0,0.00015068522689423743,6.75838999319899e-05,4.270494852131981e-07,0.0003367158508601639,3.312355084465055e-05,6.870900362783539e-06,3.851334465836436e-05,2.5504838195622205e-06,8.464285708239796e-08,0.0,1.3520077542378627e-05,0.00023190586166816677,1.5252272588615704e-05,1.101354541404281e-05,4.716853993153824e-06,0.0003657219347848461,3.231801278352763e-06,0.00010082353069547673,8.085979373821758e-06,8.74445797203996e-06,0.0,5.50678553981052e-06,2.8952263799403146e-05,7.680092881454324e-06,1.5760088322852875e-05,0.00010625233668756698,5.6851233519487284e-05,0.0,8.285852106130588e-05,0.00028696474990285727,3.784940207559136e-05,4.012587796578466e-05,2.9433935173552533e-05,0.0,4.749852415299953e-05,1.7275528264059903e-05,1.2679536331917172e-06,0.0,0.0,5.5786222861085805e-05,0.00045842854679162243,8.753354049604585e-05,0.0,2.077131102645046e-05,0.0,3.758756964036965e-06,0.00011126209469190115,0.0,0.0,1.8498927972746573e-05,0.0,0.0,3.499037764614731e-05,2.9678169925329724e-05,6.56720673163345e-05,2.910432660323864e-06,1.2767270030825296e-05,2.1634333942488306e-05,1.222090293130226e-05,7.810053027322422e-05,6.156111539222398e-05,2.934315350870758e-05,1.6826485569070772e-05,1.3395292030428139e-05,0.00015314261624290346,7.868778550239253e-05,0.00034974261541709294,0.0004002731275458548,4.427730855164055e-05,0.0005779486259657499,3.380014716584076e-06,7.759609203323214e-06,9.82082687041085e-07,2.0020748970346227e-05,3.4565796423228544e-06,0.0,9.160316101369467e-05,2.260910971785677e-05,0.0,1.6400224735982833e-05,5.269748933058818e-06,9.351042337311734e-06,1.092902907101862e-05,5.691760519905838e-06,2.6242586469322416e-05,2.2714341872094076e-05,0.00017792424915165397,1.2709199783028541e-06,2.0499961470585236e-06,3.7793585685028875e-06,2.413853289710672e-05,6.012338112827438e-06,2.0393919892682663e-05,0.0,3.996557631693235e-05,6.380399413003254e-05,7.865673179706249e-06,0.00013632160107878284,0.0003858596457865503,0.00016006684153432245,2.551931812381973e-05,0.0,3.980574795000398e-05,0.0002003606491685033,6.7896566804667795e-06,2.8969308691223926e-07,1.1042413394535787e-07,3.950554855429445e-07,0.0,1.4124611525813917e-06,0.0003569741622872036,0.0,4.569745955359398e-06,1.377042373258382e-05,3.831088315580404e-06,3.608838801154089e-06,0.00018479488487758658,3.478865889719951e-05,4.6742509004861223e-05,5.060117942095318e-05,2.395531855800801e-05,0.0,0.0002076422099176709,0.0,2.9517083644668286e-06,0.0013409075880617524,1.4037291226291265e-05,4.150065414382447e-05,0.00016319415958977398,6.157301307017653e-05,5.1203062988127156e-05,9.780544617479214e-05,7.839118992398748e-05,3.1046552908992153e-07,0.0,0.0,0.0,0.0012383170681369224,6.406085844950764e-05,9.009225987965235e-06,4.4943624912628676e-05,0.0,8.057531784130163e-06,4.451295635196463e-06,5.129035543483597e-06,5.483719366332176e-05,0.0,5.886813663990804e-06,0.00011098000125163127,5.63788086299374e-06,3.850706152344861e-06,0.0006380160498639873,5.141341074884287e-07,1.4897250341164223e-05,3.073975213513195e-05,0.0005564846823947698,0.00020100011733685606,9.18996595864297e-07,5.794144374486296e-06,3.5372404804563e-07,8.313633247652742e-07,1.8209231351926172e-06,0.0,5.72009160726709e-06,4.239688589785454e-06,6.37289706576989e-05,0.0,3.1928653755949336e-05,3.375281083374004e-05,0.0006058179819777297,0.00041767267150593523,8.642260538804614e-06,1.8280517173212305e-06,0.0,2.9875057588566892e-06,0.0,1.4080135643580431e-05,4.542126554700146e-06,1.484665063273388e-06
252,3.675511114794652e-05,0.00011186692699467068,3.63735268664392e-05,0.0,0.0006861729673744174,3.982259584938886e-06,0.0,3.0686142138210385e-05,0.0004824741086083024,0.0003068730446971224,0.00014061401453011483,3.2233763656698784e-05,9.237416271325259e-05,5.483888976444474e-05,0.00016051896034672097,0.0001225846529936416,2.8402077231064697e-05,2.436435147317311e-05,7.746080927497953e-05,0.0008667058106337618,4.544077552256892e-05,3.3180297506160546e-06,0.00014440896619225647,0.0,0.000613909139900924,0.0002070137475394285,3.8434453669187825e-06,0.0006055928969723182,3.312355084465055e-05,6.870900362783539e-06,0.00010145679600300461,2.694850828216686e-06,8.464285708239796e-08,0.0,1.5716616750944342e-05,0.00024199218734447482,1.5252272588615704e-05,1.2883770106993476e-05,4.961885369421554e-06,0.0006173621025505476,3.295769806237542e-06,0.00043435462442417434,8.085979373821758e-06,1.603150628207326e-05,0.0,0.00010679230528989685,5.0605637565343315e-05,9.357354545220211e-06,1.7419044988416337e-05,0.0001097076972302521,6.192723651229864e-05,0.0,0.00017791026930220194,0.0006111718043799907,5.4841409435602825e-05,0.00011945165209814358,5.958577120499659e-05,0.0,4.8252468980824923e-05,8.465008849389354e-05,8.525895119737408e-06,0.0,2.234317326684005e-06,5.7952678117827004e-05,0.000469831784465075,0.000212100501971188,3.564045904911255e-06,2.393216270438857e-05,0.0,4.761092154446823e-06,0.00011472559914237898,0.0,0.0,2.8467262217128148e-05,0.0,0.0,5.748419184724201e-05,0.00013651958165651672,0.00016350775804527653,4.825190989484301e-06,1.9916941248087464e-05,6.108517819055521e-05,1.8902835469280475e-05,0.00020705250827298354,6.51823574741195e-05,2.934315350870758e-05,5.5379860224328855e-05,3.1304533672860505e-05,0.0002721447786347894,0.00019519566854466516,0.0003544112632143031,0.0004002731275458548,0.00012865919500607595,0.0005884149954867295,1.2844055923019488e-05,1.1157401420664338e-05,1.96416537408217e-06,0.00010400111731795854,1.1434739141089659e-05,0.0,0.00013059322441952368,0.0001634930859189234,0.0,1.851638276643223e-05,3.205763934277448e-05,2.3845157960144923e-05,1.748644651362979e-05,5.1371787256586025e-05,2.6242586469322416e-05,2.5645224694299763e-05,0.00019876222427752337,7.552895871056961e-06,9.251264663648722e-06,3.9652286620358165e-06,5.756111690848525e-05,6.360159325966215e-06,3.3989866487804436e-05,0.0,4.795869158031882e-05,6.661569556627126e-05,7.865673179706249e-06,0.00014737470386895442,0.0006869658806660938,0.0002752852336604214,2.551931812381973e-05,0.0,0.00018151421065201815,0.0002003606491685033,4.0493512442303875e-05,9.978317438088242e-07,2.5765631253916835e-07,3.9900604039837396e-05,0.0,1.2539899013161624e-05,0.00036468116088417957,0.0,4.9851774058466164e-06,2.179056063178099e-05,3.87273057988019e-06,5.242569880054927e-06,0.00030815147036730023,3.478865889719951e-05,4.8959545005091794e-05,0.0001500315125243826,2.8955479926852186e-05,0.0,0.0004920167034555338,5.610708823288481e-07,6.662427451225127e-05,0.0023473258771348443,3.7207057448566024e-05,5.700726393531076e-05,0.0001821109600707508,0.00019341579246902912,7.140563205827257e-05,0.00021102926682618368,0.00012585490016207973,1.7075604099945683e-06,0.0,0.0,0.0,0.0012383170681369224,0.00012071567073548695,1.7598021429825426e-05,8.336870880739518e-05,0.0,9.190622191273467e-06,4.62249931347325e-06,6.777654111031896e-06,6.493878196972314e-05,0.0,6.203309022269879e-06,0.00030007707573765524,6.827883398089305e-06,4.477565293424256e-06,0.0006813090793974697,5.608735718055586e-07,1.913723697672635e-05,0.00015711428869067442,0.0005755199681634845,0.0002073645424684203,8.443281224503229e-06,7.585061726600243e-06,3.5372404804563e-07,8.313633247652742e-07,4.491610400141789e-06,0.0,2.860045803633545e-05,9.072933582140872e-06,8.193385282208352e-05,1.276755821571789e-06,7.025217378633774e-05,4.0341197332818426e-05,0.0006161993041623882,0.0005957038820628149,1.2963390808206922e-05,1.1238022852384613e-05,0.0,1.588650121180263e-05,3.602300766856758e-07,1.957071485387615e-05,1.647204931282824e-05,1.5049104959543889e-05
312,4.062678718178921e-05,0.00019420376456528234,4.720088886003627e-05,0.0,0.0009709994821336096,9.43489193970136e-06,0.0,3.0686142138210385e-05,0.0009097734845574701,0.000543188920701507,0.0003749707054136396,3.6046782040479006e-05,0.00020675805372641375,8.2999400724565e-05,0.0003923796808475401,0.00019483261272902456,3.716364347201011e-05,2.436435147317311e-05,0.0001069848062527381,0.0011744917322259027,0.00017671412703221246,3.5668819819122586e-06,0.00014440896619225647,0.0,0.0007555738714565669,0.00048191582699252255,1.1957385585969545e-05,0.0007651099642101896,3.312355084465055e-05,6.870900362783539e-06,0.00025450422906702713,3.224196526616392e-06,8.464285708239796e-08,0.0,1.6398301332913013e-05,0.0002777721005330623,1.5252272588615704e-05,1.2883770106993476e-05,6.125784406693277e-06,0.0007644578857488658,3.301332286923175e-06,0.0006458496571665125,8.085979373821758e-06,1.676021111307659e-05,0.0,0.0002902862663128688,0.00020242255026137326,1.1476000857345541e-05,2.2395914985106716e-05,0.0001300943244320942,6.192723651229864e-05,0.0,0.00020940943951614318,0.0007300060281360778,6.25918054023517e-05,0.00015649092406656018,6.102157292077964e-05,0.0,5.7299806914729595e-05,0.00010106184034475044,1.3379096957126394e-05,0.0,2.234317326684005e-06,6.517419564029766e-05,0.0006232697042889109,0.0002356672244124311,0.0001746382493406515,2.573836366321035e-05,5.078925249460573e-05,0.0001305541585508839,0.00018540497616971593,1.0343810481997326e-05,0.0,7.907572838091152e-05,0.0,0.0,0.00033240858763839944,0.000534207058655935,0.00021421869739790683,5.6676846543148925e-06,2.195970445301951e-05,0.00017052945578196663,2.0397478273828234e-05,0.0002786699854495977,0.0002685926984171654,6.455493771915668e-05,9.225668550619501e-05,5.408312518083965e-05,0.0004625554007947826,0.00028427523778324666,0.0003970380474497004,0.00041204586659132115,0.0003126070711093575,0.0006903174210124753,7.469832523650808e-05,1.4452469687248635e-05,0.00012717970797182051,0.00012311425900164908,2.111316213959365e-05,0.0,0.00019166199842865348,0.00018225710895006985,0.0,5.4491069284071993e-05,0.00010715156163886265,2.8988231245666375e-05,1.748644651362979e-05,0.00013776979309720799,0.00010497034587728967,8.353016043286209e-05,0.0003189813115421544,9.041687845640304e-06,9.724340697585304e-06,9.107634583113516e-06,7.612921913702888e-05,6.807358028573214e-06,0.00018354527903414395,0.0,8.792426789725117e-05,6.70482650180003e-05,7.865673179706249e-06,0.00016948090944929756,0.0008839258432838079,0.0004802005246029673,5.103863624763946e-05,0.0,0.0005349892524480535,0.0002003606491685033,0.00011830297800045317,3.186623956034632e-06,2.644658007991321e-05,5.7283045403726955e-05,0.0,5.966787112856025e-05,0.0004691343464144065,0.0,5.192893131090225e-06,2.3757764022150104e-05,3.87273057988019e-06,5.6473450428870746e-06,0.0005692642427657603,3.478865889719951e-05,5.265460500547608e-05,0.00025792819082275743,3.171465988220529e-05,0.0,0.0006505967562705971,7.854992352603874e-07,0.00020943073633597974,0.002664873233817723,6.997598827082744e-05,0.00021252244594975673,0.00029188721156657476,0.00033291171473536125,8.081027628058164e-05,0.00041577697368041947,0.00021354557821674742,2.9494225263542544e-06,0.0,0.0,0.0,0.0012383170681369224,0.00016019537207413988,1.958005114717778e-05,0.00010303869222971613,0.0,9.442420059527533e-06,4.793702991750037e-06,7.144013792709296e-05,0.0003242128818340251,0.0,6.7730006671722155e-06,0.00034675122401728266,9.461495565923751e-06,5.462629657977593e-06,0.0009077205011424847,1.9163180370023254e-06,2.5577432893445034e-05,0.00019297733284832835,0.0006121034080002332,0.00035015909905660705,1.843736920452746e-05,8.743890601497502e-06,3.5372404804563e-07,8.600310256192492e-07,6.9195079137319455e-06,0.0,7.936627105083088e-05,0.00016280404184776143,0.00013038117957416974,3.7422153390897264e-06,0.0001999766039249588,5.220029303115952e-05,0.0007477796136136766,0.0007371089194153714,1.7860671780196204e-05,1.7621219832539074e-05,0.0,2.9031526550772063e-05,3.602300766856758e-07,2.027809008955842e-05,1.9098821296269287e-05,1.7208617778850637e-05
372,5.8436496937465543e-05,0.00042488587488969645,6.404853881201818e-05,0.0,0.0010875194199896426,1.2712597905766443e-05,0.0,5.114357023035064e-05,0.0011064429213400505,0.0009864499852640172,0.00046871338176704945,3.624332937984912e-05,0.0008893931117553959,0.0002811110655492708,0.00044588600096311375,0.00020963752251086532,4.7190769281092075e-05,2.436435147317311e-05,0.00015851952499169308,0.001746711012941258,0.000674038170251439,3.64983272567766e-06,0.00019254528825634197,1.298925658587782e-06,0.0007993017964788969,0.0013044910414800753,2.0498375290233507e-05,0.0009446173119221081,3.312355084465055e-05,6.870900362783539e-06,0.001160861187127863,4.282887923415805e-06,1.6928571416479592e-07,0.0,1.707998591488168e-05,0.000436976788444893,3.0504545177231407e-05,1.3091572850654662e-05,6.554589315161806e-06,0.0008894919216274505,3.334707171036973e-06,0.0008876370497857101,2.0792518389827375e-05,2.040373526809324e-05,0.0,0.0004495897051431017,0.0010471474234674885,1.3064985591439539e-05,0.00011944487992056915,0.00026208909716266525,6.192723651229864e-05,0.0,0.00022391199002520117,0.0008054003729688872,7.931892581160086e-05,0.00021575375921602678,6.173947377867116e-05,1.6966958262696588e-06,0.00020959666213545824,0.00024099361928363566,1.7261658427037586e-05,2.0480891328390612e-05,2.234317326684005e-06,0.0001126556733505422,0.0010276554875904879,0.0002491339229502843,0.0004348136003991731,2.9802315820559355e-05,5.2038168539555046e-05,0.000689105443406777,0.0006862396628276029,1.0925649821609675e-05,0.000326477309826967,0.0004979374653804065,0.0,8.895372627159352e-06,0.00038739346679663095,0.0007360186141481772,0.0002786019784102518,6.203816986479815e-06,2.2981086055485535e-05,0.00021252551578797334,2.0837079098695222e-05,0.000328609753834422,0.0010919596837807258,8.802946052612274e-05,0.0001094934137759875,8.773989558333223e-05,0.0006686992810581468,0.0003216706710839075,0.0004831035546678359,0.00041204586659132115,0.00042387988841190974,0.0012882232476288133,0.00010376645179913113,3.10700441827565e-05,0.0003917527838606888,0.00015189074885502672,3.181921692365309e-05,0.0,0.00022078710603300766,0.0002102493400293211,0.0,0.00043275431722690185,0.00022981960624728737,3.693661723238135e-05,1.7685156133102857e-05,0.00022883796141570138,0.0013121293234661208,0.0007993982897566012,0.00085916574365123,9.695303834481772e-06,1.0933312784312126e-05,1.6635373371197135e-05,9.098370091986378e-05,1.465817969656276e-05,0.0005257099350113753,0.0,0.00011456798544187273,8.283705000611005e-05,7.865673179706249e-06,0.00020632458541653618,0.0012193562768578986,0.0008109888116746708,0.00012759659061909866,3.060612367322454e-07,0.0011336677016161134,0.0002003606491685033,0.0002087140463575488,5.8260498590128126e-06,5.200976708826356e-05,9.994903784236496e-05,0.0,9.759762061617275e-05,0.0007093941890398306,0.0,5.192893131090225e-06,2.5119674061636417e-05,5.288567566072948e-06,6.544677933984848e-06,0.0012546852703117178,3.478865889719951e-05,8.701866300904994e-05,0.00029632208182309156,4.799245793841529e-05,0.0,0.0010047278712813617,1.0099275881919266e-06,0.0003305913368202848,0.002877848960972274,8.568787160560065e-05,0.0008214804849844108,0.0007471646117434517,0.0006112078190073457,8.568675846992709e-05,0.0008568878421237363,0.0004206425062264425,8.925883961335245e-06,0.0,2.725419442052132e-05,0.0,0.0018869593419229295,0.00018103028015285964,2.6787431937549966e-05,0.00040174797536403193,1.0180811207036976e-05,9.694217927781602e-06,4.964906670026824e-06,0.0005194980286185529,0.0015763288038132053,0.0,8.228879315255962e-06,0.0005481380869130455,2.1459062108280672e-05,5.731283575583048e-06,0.0012059803844502305,1.0703337328622743e-05,3.676183007265756e-05,0.00022200932097595296,0.0010359359426942722,0.00093904199895716,4.382465016527866e-05,9.586675237786418e-06,3.5372404804563e-07,9.603679786081616e-07,8.740431048924562e-06,0.0,9.080645426536505e-05,0.00043312658633248196,0.0002667751988188216,6.824039735987148e-06,0.0004491936781630984,7.0647775228579e-05,0.0012193187322199581,0.001150465334487037,6.654540614879552e-05,1.846032553885046e-05,0.0,3.697477715667338e-05,3.602300766856758e-07,2.0581250904850822e-05,2.413346759786463e-05,3.1582874982361166e-05
432,6.326318639298942e-05,0.0006795394695701114,6.91760844495779e-05,0.0,0.0014500258933195236,1.5806507275603577e-05,0.0,0.00022503170901354283,0.0012991665556263165,0.0010927921294659902,0.0007218186079212561,3.6321948315597165e-05,0.0011769646628254132,0.00032112863375575746,0.00047136520101814886,0.00028070108946370105,5.1693240821577904e-05,0.000128783000643915,0.00021746169816951218,0.0019518152676498257,0.0007952135716449561,6.71901024499751e-06,0.00019254528825634197,1.298925658587782e-06,0.0010175977836728862,0.0016271889420562432,0.00018106898173039597,0.0012550956252003799,3.312355084465055e-05,6.870900362783539e-06,0.0015666883711398815,6.88149407919618e-06,2.5392857124719386e-07,0.0,2.226836301097656e-05,0.0005864136662280885,3.0504545177231407e-05,1.3091572850654662e-05,8.943645233772184e-06,0.0011100045884242168,3.3708632954935874e-06,0.0011935347359024221,0.00016865042693971094,2.386508321535906e-05,0.0,0.0005587420613786317,0.0013675686959365133,3.107347924450485e-05,0.0001974158432020518,0.0004113606726066618,6.395763770942319e-05,0.0,0.00029476202977327435,0.0009136589193954852,0.00010872137734621655,0.00029677716664693813,7.035428407336947e-05,1.9794784639812684e-06,0.0005104206484377886,0.0005683648798875708,2.1432788654847578e-05,2.0480891328390612e-05,2.234317326684005e-06,0.00014659680570615428,0.0013608323431624134,0.00029290069319830726,0.000502530472592487,4.109107181319547e-05,6.369471829241538e-05,0.0009053592607377037,0.0009413685665210756,2.1948272866488076e-05,0.0027602172558098123,0.0006558972234067607,0.0,8.895372627159352e-06,0.00041988453175376773,0.0007894393200137707,0.00036382997703494874,7.276081650809659e-06,2.6045230862883605e-05,0.00025833939943088974,2.198004124334939e-05,0.00043385806894970084,0.001689050771055557,8.802946052612274e-05,0.00011476848142332068,0.00013897981873583156,0.0007265828687237357,0.0003401810358639941,0.0009517951965703707,0.00041204586659132115,0.0006869937376585695,0.0016613749496026946,0.00015548067696286749,6.600408928244278e-05,0.0004955589238809315,0.00018451122251071083,3.523842813741029e-05,0.0,0.0002679979659400657,0.00022701391798337814,0.0,0.0009131221901389152,0.0007515247506201104,0.0001444736041114663,1.8082575372048987e-05,0.0003352301003647105,0.0014695848422820554,0.0012295053439152857,0.0010771630218910943,1.125671980782528e-05,5.64537400497655e-05,3.6740321821675615e-05,0.00011883585426267923,1.778857061481176e-05,0.0007636390004260063,0.0,0.00012522547245972135,9.559784883211655e-05,7.865673179706249e-06,0.00047528341997737797,0.0016817769183739076,0.0010924685825461728,0.000663502271219313,1.2242449469289815e-06,0.0017275694610301728,0.0002003606491685033,0.0002361442593466346,2.253168453761861e-05,5.88928714375242e-05,0.00018212057883529743,0.0,0.000103764219306711,0.0009289852627006374,0.0,5.400608856333834e-06,2.6481584101122727e-05,7.370680781062298e-06,9.695096671208552e-06,0.001557076900111405,3.478865889719951e-05,0.00011787241401225873,0.0003144361227053005,6.0370130126926825e-05,0.0,0.0013797859727339968,0.0,0.0004698838601148861,0.003892692596578044,0.00011464092860689502,0.0012157763244183535,0.001625962710771628,0.0007277443126712391,9.19565212847998e-05,0.001093095262556488,0.0006186523883545738,2.0956423213569703e-05,0.0,0.00025073858866879613,0.0,0.0022702479582510245,0.00018843632631638797,5.615750865831664e-05,0.0005259433358096165,0.00015271216810555465,9.946015796035669e-06,0.0,0.0014921829834720493,0.0020328243896596296,0.0,2.0192403858205015e-05,0.0008605556654555281,3.2149576685860496e-05,9.134233198585484e-06,0.0016366005774186424,2.388386626605337e-05,4.411877985652481e-05,0.00029885870131378286,0.0013060982016512913,0.0011244203455165402,6.168764649739093e-05,9.586675237786418e-06,3.5372404804563e-07,1.2183772862939364e-06,1.1168328562514719e-05,0.0,0.00010010160312717408,0.0007010749052069226,0.0003465106814056498,7.286313395521762e-06,0.0006263086351569376,0.00013632892063477584,0.0018573866454730402,0.0016129944060772165,0.00018955358115111453,1.8640133904488613e-05,0.0,4.888965306552535e-05,0.0,2.2063370446280343e-05,6.222166135775983e-05,0.00010048483087336705
492,6.932881217934296e-05,0.0008365700627427547,7.602044224257055e-05,0.0,0.0016442257897462454,1.92986426039346e-05,0.0,0.0003273188494742441,0.0017441555405196343,0.0014293734557179495,0.0009374267635340989,3.647918618709326e-05,0.0013911704528957354,0.00046104190926288133,0.0005401590411667435,0.0004015091532835217,7.261148022183508e-05,0.00015662797375611283,0.0002774620791243119,0.002129802580893766,0.000815409471877209,8.295074376540137e-06,0.0004813632206408549,1.298925658587782e-06,0.0011324587576509908,0.002676870414873816,0.0003207141633951117,0.0019745949588969585,3.312355084465055e-05,6.870900362783539e-06,0.0024289274306555013,7.795818467341127e-06,5.078571424943877e-07,7.198048609022094e-06,4.362781324599489e-05,0.0006449143551506752,3.0504545177231407e-05,1.9741260647812584e-05,1.0475091335445504e-05,0.001420179130907596,3.3778163963506287e-06,0.001513968027733778,0.00016865042693971094,2.696207874712321e-05,0.0,0.0006617976193379428,0.0018062319869476384,6.373594322310369e-05,0.00028285211147857,0.0004314017637542354,0.00015126488918577866,0.0,0.0003254298435886072,0.0010881007368517893,0.0001358281419742256,0.0003318101447170655,8.040489608385082e-05,3.3933916525393175e-06,0.0009054877382182927,0.0005795939732592098,3.384998975231129e-05,2.0480891328390612e-05,3.3514759900260073e-06,0.00016988619971612215,0.001617221267626815,0.0003501341619841834,0.000502530472592487,6.45716842778786e-05,7.285343595537707e-05,0.0010727492375361498,0.001087600113044008,2.5310011273137205e-05,0.0027898970112486274,0.0010522343589886626,0.0,8.895372627159352e-06,0.0005898377946064832,0.0008250531239241664,0.0004324158220820421,1.148854997496262e-05,3.42162836826118e-05,0.00039959887399654867,2.365052437784394e-05,0.0005657476803838616,0.0029592790293250255,8.802946052612274e-05,0.00017597741846427594,0.00017224821360352507,0.0008896095044731574,0.00039321410526767014,0.001011472694499927,0.0004591368227731864,0.0007422824187557752,0.0020286899557773568,0.0002714151817417013,8.552163992623946e-05,0.0008913382467584887,0.00036080059077759946,5.386658977738805e-05,0.0,0.00038402863655741227,0.0002545447386602241,0.0,0.001170235390838517,0.001092009084461633,0.00014914912528012216,1.8082575372048987e-05,0.0004470221146787585,0.0015220700152207,0.0014793631045083206,0.001288748615476845,2.6217263552418875e-05,6.0606296347653274e-05,5.133112416401053e-05,0.00015597205871976648,2.4794683622321417e-05,0.0009449182883609634,0.0,0.00023180034263820763,9.862583499421979e-05,1.3371644405500623e-05,0.0006263424914430563,0.0018191048039117835,0.0015959605670628032,0.0008166181799622314,4.835767540369477e-05,0.002440888464294244,0.0002003606491685033,0.0002461657926070036,2.6426447150549827e-05,5.907691166076646e-05,0.00027219322953908875,0.0,0.00012815501189275064,0.0010109013159700104,0.0,5.400608856333834e-06,2.7692170802888338e-05,7.995314745559103e-06,1.0070610978896208e-05,0.0024445723342377884,3.478865889719951e-05,0.0001417055510147374,0.0004258768524806293,8.544366659105816e-05,0.0,0.0014551231239247307,0.0,0.0009802482920853173,0.005232870190716388,0.00016717553677517282,0.0018496717393357387,0.0016644824133054306,0.0008314096115125532,0.00017485671850367234,0.0015004622137951259,0.0007766203330121344,2.623433720809837e-05,0.00010130685847431871,0.00040881291630781976,0.0,0.0026535365745791197,0.00020342132244492776,6.708870285704778e-05,0.0007478024511543993,0.00028506271379703536,9.946015796035669e-06,0.0,0.002201638507040334,0.002232932043729295,0.0,4.728440652689388e-05,0.0009250981856046107,3.6558438537198164e-05,1.0298400174875791e-05,0.001738715657948704,3.7438310918021035e-05,5.6059498976134906e-05,0.0003654614976065687,0.0014155510948214009,0.001184361658573818,9.46566493740226e-05,9.586675237786418e-06,3.5372404804563e-07,5.719206320368007e-06,1.505296458425897e-05,0.0,0.0001401422443780437,0.000962409309881298,0.0005079542382498596,7.6165088666179135e-06,0.0010595608252501844,0.00016318926559255695,0.0018927480241645329,0.0017544145669631797,0.000873444465121853,1.9838856342076306e-05,0.0,7.95379474387375e-05,0.0,4.281304402629361e-05,6.878859131636246e-05,0.00010635600635085727
552,0.00014136779758237579,0.0008532458779469292,8.666467760625477e-05,0.0,0.0016442257897462454,2.8335308585142074e-05,0.0,0.0004296059899349454,0.002377878022343395,0.0015313268765084127,0.0010030466369814858,3.647918618709326e-05,0.0014411925626682549,0.0004919690669138205,0.0006420758413868839,0.0008095324668710534,9.608517644236797e-05,0.0001635892170341623,0.0003401079795215631,0.002188613527191254,0.0008330808845804302,8.709828095367142e-06,0.0005294995427049403,1.298925658587782e-06,0.0014615779732905711,0.0029389863510965336,0.0005133134812262641,0.002482375408798409,3.312355084465055e-05,6.870900362783539e-06,0.002605255318326446,8.084552484650058e-06,6.771428566591837e-07,4.7867023249996927e-05,5.036891633435174e-05,0.0006933552613592597,3.0504545177231407e-05,2.036466887879614e-05,1.0658864867646303e-05,0.0017464938590785715,3.868010006772035e-06,0.0021669279202159906,0.00016865042693971094,3.115213152539236e-05,0.0,0.0009322201235250665,0.002000869054506651,0.00012402908618900374,0.0003218375931193113,0.0004384852528667399,0.0001573560927771523,0.0,0.0003574832514016207,0.0012354210592211777,0.00016022717332777554,0.00037347932568153417,8.758390466276608e-05,7.635131218213464e-06,0.0009575099313382445,0.0005908230666308487,3.793367490197013e-05,2.0480891328390612e-05,4.6920663860364106e-05,0.0001781909448669634,0.001690392042698136,0.0005184678937073485,0.0005132226103072208,7.26995885925766e-05,7.618387874190858e-05,0.0013566606802197418,0.0011087872057858965,2.582720179723707e-05,0.0027898970112486274,0.0012233254803946348,0.0,8.895372627159352e-06,0.000674814426032841,0.0008309887579092323,0.0005364152733952817,1.3403308304123057e-05,3.574835608631083e-05,0.000613396997663492,4.31688010019382e-05,0.0007241772904322697,0.003104335640719812,9.09637758769935e-05,0.00029408810723524626,0.0002336115481017774,0.001017779453073988,0.00043498108220735277,0.0010236517757100405,0.0004591368227731864,0.0007461074218505505,0.0021117595299849417,0.00037213962029590677,0.00011771374572495512,0.0009624410333002633,0.00042358565954860527,6.922501391787123e-05,0.0,0.0004836177141723009,0.00031883458806202094,4.135809506819881e-07,0.001341115151797306,0.001151586523788159,0.00015662995914997156,4.5305793239859005e-05,0.0004703729270681158,0.0015483126016900225,0.0016105201108020252,0.0013143953540932997,3.377015942347584e-05,6.402295659275082e-05,0.000178683116582989,0.0003955005774679793,2.6185968474876525e-05,0.0009517162616585242,0.0,0.00026110843193729135,0.00010597951567361337,1.4158211723471248e-05,0.0006410799618299517,0.0018727752278216222,0.0016727728284802025,0.0008421374980860511,0.00017445490493737988,0.0025778202372422577,0.0002003606491685033,0.00025368873220896074,3.0063704797336832e-05,6.664096483602348e-05,0.0007438894792773645,0.0,0.0003210765351721602,0.0010367664703522857,0.0,5.400608856333834e-06,2.905408084237465e-05,8.078599274158676e-06,1.0348589102768887e-05,0.002633207112827117,3.478865889719951e-05,0.00014743289401533303,0.0006958154399752861,0.00010213511436050891,0.0,0.0015325529737596516,1.9637480881509683e-05,0.0019049763554104251,0.005888252651870217,0.00023296962016306996,0.001985295137409828,0.001677714372191088,0.0008912432739310299,0.00020759881320356316,0.0017701539828386744,0.0009647276651411257,3.9351505812147554e-05,0.00010130685847431871,0.0004633213051488624,0.0,0.0026535365745791197,0.00022826183525800718,7.105276229175249e-05,0.0008077272843712375,0.0006922951620785145,1.359708488571965e-05,6.1633324179643336e-06,0.002292678887937168,0.002294503629596884,0.0,4.90567805332567e-05,0.0010656615839911019,3.9679756662038985e-05,1.047750278661276e-05,0.001773666651159035,0.00015582937403331104,6.330185452660858e-05,0.0009426857321440465,0.0014512422556377412,0.0012016034648393284,0.00010872878474819464,1.0324111794539219e-05,3.5372404804563e-07,3.528993975124319e-05,1.602412358969503e-05,0.0,0.0006456553401702728,0.0013342299992054824,0.0005946413240130357,4.539087076001774e-05,0.0012004077549447047,0.00018721153636611968,0.0019045302349962687,0.0018230481862694227,0.0016521121396681486,2.277572631416615e-05,0.0,0.00011324404182395592,1.2453668365419077e-06,4.5945705784315094e-05,0.00014326852193018052,0.0001331474622653816
612,0.0001843175903844706,0.0008727009956851328,0.00012406829176595373,0.0,0.0016830657690315898,3.8903612868249114e-05,0.0,0.0004705208461192259,0.002568717425100522,0.0016623133906365573,0.0013873916100304664,4.261146317544083e-05,0.0014597563234060565,0.0005772410702772723,0.0011185368824160396,0.0008219685910877997,0.00016201596240548216,0.0001775117035902612,0.00040603432402745417,0.002207699017839925,0.0009163889730384732,1.1696054870921593e-05,0.0005455449833929689,3.896776975763346e-06,0.00158992673553686,0.003009310138863604,0.0009860572613572744,0.0027484256417395925,0.0012255713812520702,4.580600241855693e-05,0.002746949937106846,8.228919493304523e-06,1.0157142849887755e-06,0.00011738817606546865,5.1656542766959234e-05,0.000709944612800556,3.0504545177231407e-05,2.078027436611851e-05,1.0658864867646303e-05,0.0019436346985484943,3.952837837227938e-06,0.0024665229046678164,0.0001698055668502569,3.3338246018402344e-05,0.0,0.0010999804115771512,0.0020363903193361707,0.0005034433299187816,0.0004462593430365709,0.00044746919027772113,0.00015938649397427684,5.5594162612925644e-05,0.000370600207912998,0.0018394286950876434,0.00016471063023512268,0.00045697201791034,9.260921066800674e-05,1.0745740233041172e-05,0.000981636165828657,0.0009890239931174296,4.165009072339413e-05,4.0961782656781225e-05,0.0005675166009777373,0.0001920923660977194,0.0017324031642881005,0.0007440350942163897,0.0017107420343574025,7.540889003080927e-05,0.00013654815424779244,0.001971342735738587,0.0011254717427421636,3.503965800776594e-05,0.002878936277565073,0.001330964320360409,0.0,4.4476863135796756e-05,0.0015145834895403765,0.0008962807317449577,0.0006872593051491832,2.7419339273577453e-05,6.179358694919443e-05,0.0008144690425407362,5.196081749927796e-05,0.0009140091889173828,0.003111164268645672,9.683240657873502e-05,0.00032002706341326836,0.0005000261732135173,0.0013211400662613685,0.0005270832616192008,0.001051257693119631,0.0005650914741823832,0.0008440506829137344,0.002141472114549239,0.0005472243826149619,0.00012922673005208538,0.0010275531154510873,0.0007700246997314763,8.942264955760639e-05,0.0,0.0005691139977850825,0.00039281405591432776,2.2057650703039364e-06,0.0013691542457007605,0.001184083308875355,0.00022115215127742251,5.6234822310877625e-05,0.0006309097622449471,0.0015483126016900225,0.0016907530280599059,0.0013336304080556406,3.471427140735796e-05,0.00011616644833331634,0.0005643945390127386,0.0004214959205879404,2.693129964588819e-05,0.0010083660391381982,0.0,0.0012975490444230703,0.00015853670405869102,2.6743288811001246e-05,0.0006447643294266755,0.0021308829420539203,0.0017354615450563382,0.0008931761343336906,0.0002708641945080372,0.002791179046254279,0.0002003606491685033,0.0003528720369972195,6.044929080235393e-05,0.00029418829685275757,0.0013487194276436125,0.0,0.0003740610535299695,0.001052997876488341,0.0,5.608324581577443e-06,3.0264667544140262e-05,8.286810595657611e-06,1.2445617054790858e-05,0.0029264789950614167,3.478865889719951e-05,0.00015833332101646667,0.0008745931478127394,0.00011898111257226938,0.0,0.0016464887888320578,2.154512188142777e-05,0.002247374525688577,0.006036046004947047,0.0003132676843812615,0.001991687981650952,0.0017436781375988464,0.0010258690143726023,0.00020968873414185408,0.001800834990635544,0.0012882909164971068,8.724081367426795e-05,0.00020261371694863743,0.0006322973105560946,0.0,0.0026535365745791197,0.00024722361882065946,0.00010829089637534214,0.0008438651608913155,0.0010486235543248085,1.5233771029371088e-05,9.416202305223288e-06,0.0022990901823665222,0.0023108585820929626,0.0,6.310917444084765e-05,0.001410181374624498,4.5395670478153745e-05,1.0746156704218215e-05,0.001870113424956699,0.0004823512717527804,6.398941992697001e-05,0.001255206545517888,0.0014585787720277665,0.0012200024393105777,0.00011677000496200724,1.316850994201431e-05,1.1723425592369451e-05,0.0001869420772687708,2.3793395633183533e-05,0.0,0.0009473901724536118,0.0020219922822404786,0.0006878165727408032,6.738188913502148e-05,0.0012333184774499428,0.0002073821350325289,0.001982257435614642,0.0019721571515393475,0.0017382466697049013,3.356422825245538e-05,0.0,0.0001436111591845698,0.00013456137207395788,5.1166808714350896e-05,0.00019788348941922565,0.0003013870078444978
672,0.00018800858820340063,0.0010213936812556888,0.00013587995939533235,0.0,0.0016830657690315898,5.262709205326928e-05,6.677350427350428e-05,0.0010637862607912932,0.002590929189714605,0.0022220444226583713,0.001602999765643309,7.535624991450191e-05,0.0015500184414844694,0.0007096448761950308,0.0016739834436158042,0.0008249295730441677,0.00016967624844530874,0.0005708219488000557,0.0004969343720700872,0.002267891719116502,0.0012597192769867717,1.3355069746229618e-05,0.0017008167129310206,3.896776975763346e-06,0.0016272973590824662,0.0035670295292933585,0.0010279081109081678,0.002865611181742179,0.0012255713812520702,0.00013283740701381508,0.003557454653051529,1.0635036304212279e-05,1.1849999991535715e-06,0.00016873425614315958,6.657786083894013e-05,0.0007647027440379862,3.0504545177231407e-05,2.078027436611851e-05,1.0720122711713235e-05,0.0019805265515487136,3.960486248170684e-06,0.0025088691814787708,0.0001698055668502569,5.629244819500724e-05,0.0,0.0013985268561997359,0.002278226875778244,0.0007284612236524261,0.000491880651339566,0.00047027456985944285,0.00018578170953689594,0.00044475330090340515,0.0003829781809589456,0.0018753632546158,0.0001853129486277463,0.000565466218717827,0.00012060734412577623,1.272521869702244e-05,0.0011919867727919406,0.001073674081611323,5.691800136858543e-05,0.00010240445664195306,0.0007529649390925097,0.00023000533309069034,0.0017689425710266905,0.0010537691605870135,0.0022667331955235582,0.00011469376088518297,0.00014196012377590617,0.002581013115305383,0.0011982172793209927,3.882161371524621e-05,0.002908616033003888,0.0015480631382789115,0.0,0.0017612837801775517,0.002049436404988628,0.0014720372282963543,0.0008562584135331975,2.9487278269070723e-05,7.302878457632069e-05,0.0011809801116840675,6.171995581132509e-05,0.0010418468921661623,0.0032264232309094326,9.976672192960577e-05,0.000333910692936277,0.0005258421545172364,0.0015150841060227258,0.000581315382992437,0.0011405709553271302,0.000706364342727979,0.0009435007633778904,0.002187239746198641,0.0007628693215330259,0.00014457210792668182,0.001088933283391155,0.0009216485052668985,9.895159884184777e-05,0.0,0.000578274313886452,0.0004123470962828163,1.0477384083943698e-05,0.0018220120642169315,0.0012483449694757113,0.00030811684501442165,5.7029660788769885e-05,0.0007546690679085407,0.0016007977746286674,0.002222708260290238,0.0013608800678356237,3.500476740239861e-05,0.00012100233668022362,0.0009031737628254237,0.00045491850459931894,2.8322584498443302e-05,0.0010468878878243766,0.0,0.001819765908297653,0.00017324406541747818,0.00015652689627615435,0.0006816080053939142,0.002305014514371389,0.0021153105668398,0.0009186954524575103,0.0005248950209958009,0.0033866730355863388,0.0002003606491685033,0.0003991774955580029,6.218744932382736e-05,0.0003456827513159428,0.0014067925840184254,0.0,0.0003940422112981941,0.0010799139852247495,0.0009370459538566284,6.023756032064661e-06,3.1626577583626575e-05,9.161298145953138e-06,1.4152500271552927e-05,0.003458304274137692,5.218298834579927e-05,0.00018253596401898375,0.0008818781425153669,0.00012953145306053058,0.0,0.001702061563938803,4.555895564510247e-05,0.0022849033891796555,0.00609319844586727,0.0004010327822635037,0.0020489329959919246,0.0017816097530710642,0.0011298821833442565,0.00021282361554929045,0.0025751281061859818,0.0016751893699929162,0.00010338502118694387,0.00040522743389727485,0.0014172181098671085,0.0,0.002712504054014211,0.0002535922421752889,0.00011285557087591119,0.0011668188421973293,0.0011606124776022153,1.5233771029371088e-05,7.858248832904525e-05,0.0024117457844823227,0.002515295488293943,0.0,8.190899872262473e-05,0.0015087701586762137,5.727618759082914e-05,1.1910323680508523e-05,0.0019082515038392083,0.0006459861363270522,7.013167083686541e-05,0.001880248172265571,0.001492386232689911,0.0012580732732793893,0.00014933694682794826,1.316850994201431e-05,1.2211901658718179e-05,0.00028011210504418944,2.9498954790120398e-05,0.0,0.0012362547986206,0.0021424842319621813,0.0008477747442909216,7.099202628567275e-05,0.0016179468450493299,0.00021660587613123863,0.002104341194658373,0.002266467161046908,0.0017514981358644017,3.9977393293549536e-05,0.0,0.00017309959838081405,0.00022995029638032483,6.403430109676172e-05,0.0002004008125700233,0.0003161661737016283
732,0.0001900734820881167,0.0011186692699467068,0.00014416643939888868,0.0,0.0018125323666494044,5.437315971743479e-05,0.0003338675213675214,0.0012172169714823452,0.0026275941185286704,0.0026960265511014516,0.001696742441996719,9.819505074930922e-05,0.0018616006052452963,0.0008283142574690815,0.0018268586439460146,0.000826113965826715,0.00017089313264544005,0.0009119228694244793,0.0005951360537738864,0.0024558967559588397,0.001519741492477027,1.3355069746229618e-05,0.0017649984756831346,3.896776975763346e-06,0.0016952517572998789,0.0041061785688409,0.001056947475902665,0.0029169555316375753,0.0012918184829413713,0.00014199860749752646,0.004466398328290912,1.602473796064565e-05,1.1849999991535715e-06,0.0001807909875632716,7.01756405771081e-05,0.0007981734195059452,0.00018302727106338844,2.202709082808562e-05,1.127144330831563e-05,0.002052790564740905,3.962572178427796e-06,0.0025609846458702983,0.00018251210586626252,6.740519686780802e-05,0.0,0.0014476945842337584,0.003078428519780235,0.0007348171625888021,0.0005399903946409064,0.0005687523453259684,0.00019187291312826958,0.0006532314107018763,0.0003926773389427105,0.001915164190802049,0.0002140384668437472,0.0005904677272965082,0.0001256326501310169,2.1491480466082344e-05,0.0014626529659812553,0.0011358659833619388,6.0940474963538466e-05,0.0003072133699258592,0.0007842453816660857,0.0003191910744932029,0.001864015532435866,0.0011413027010830593,0.0022667331955235582,0.00013094956951457897,0.00014279273447253903,0.003502910906684849,0.0014190813751923245,4.263589383048273e-05,0.0029679755438815182,0.0020148495591456256,1.762114537444934e-05,0.0017790745254318704,0.0020794281572567544,0.001620428077923003,0.0009026547204768195,3.0100000934402065e-05,7.609292938371876e-05,0.0013426013123132448,6.805020768940971e-05,0.0010576493340891493,0.004088589238579016,0.00010856966798221805,0.0003499893024314657,0.00052798921171905,0.001572155962617731,0.0006038725481697896,0.0012447020996736006,0.0007887735160462433,0.0009586848665723011,0.0022782293693802374,0.0008368916438262173,0.00014536229216327278,0.0012513697598277506,0.0009746634485403753,0.00010078265184156473,0.0,0.0005796835932866627,0.0004317263331838364,5.390338390555245e-05,0.0024335817350168076,0.0013429076864411556,0.0003160652310011366,5.7029660788769885e-05,0.0008358131409615572,0.0018107384663832468,0.002738177276645663,0.0014714816281190843,3.874490333854701e-05,0.0001249972009667992,0.000977676691983206,0.0004883410886106974,3.319208148238618e-05,0.001087675727609742,0.0,0.002091531827252793,0.0001886002809538589,0.0006276807197405586,0.000685292372990638,0.0023647709544899758,0.0025536360198958625,0.0009952534068289696,0.0006087557998604361,0.003846827481888385,0.0002003606491685033,0.00040363151034038914,6.5374073279862e-05,0.00035479274236643486,0.001451828909370321,0.0,0.00039965760563650545,0.001224069890800004,0.0009861794495644666,1.059350198742406e-05,3.2837164285392186e-05,1.1534907211040996e-05,1.4849883985830002e-05,0.003839893711742059,0.00031309793007479564,0.00026659857902772626,0.0008828626012589652,0.0001315633368167791,0.0,0.0017283365580269294,6.620636411480409e-05,0.0023384558123635537,0.0061679011573627825,0.00047205195906092646,0.002589841585583872,0.0018628637820800266,0.0011608426249445148,0.00021526185664396316,0.003053253456116892,0.0021394099491913524,0.00010532543074375588,0.00040522743389727485,0.0016407025041153833,0.0,0.0030073414511896687,0.00025592644349531145,0.00011351624744836197,0.0014623260350070811,0.001282782212086659,1.5485568897625157e-05,0.00014192784929145647,0.0030752231680000936,0.0029655377099506897,0.0,8.437766251720152e-05,0.001543610948101897,0.00011277712549815506,1.2178977598113978e-05,0.001969790064099993,0.0007036626352943904,7.65489479069054e-05,0.0020322391689337233,0.001524508277424617,0.0013870975282192824,0.000167027631298336,1.316850994201431e-05,1.2464561693036485e-05,0.0003117612467869778,3.0470113795556462e-05,0.0,0.0020992736198670223,0.002169703032708604,0.0009824932489238384,7.292917304943685e-05,0.0022024833001493063,0.00021984938948463106,0.002221470231750336,0.002487933159547803,0.0017788652942372831,4.450257049544307e-05,0.0,0.00018743962602332616,0.0003398616389210772,6.683011750445832e-05,0.00020538073445529697,0.00034059566247003593
792,0.00019668114251920822,0.0012076069510356376,0.0001568479585203533,0.0,0.0019549456240290004,5.820225547218372e-05,0.0006009615384615385,0.0013808763962194672,0.0028404457790320897,0.0028790025579505606,0.0019779704710569486,0.00024230355997547718,0.001995882179923526,0.000937497992946039,0.0019644463242432042,0.0008634223384769538,0.00017691670943609003,0.0010998764379318146,0.0006915387822568186,0.0026130713848302473,0.0016434413813995758,1.3520971233760421e-05,0.001973589204627505,7.793553951526692e-06,0.001843016061894,0.0047244799236241045,0.0011419303234600916,0.00306510409857286,0.0020536601523683338,0.0001671919088277328,0.0051432559900106735,1.819024309046263e-05,1.2696428562359693e-06,0.00018223059728507602,7.294025027064771e-05,0.0009650755664865373,0.00025928863400646694,2.3481710033713917e-05,1.1638990372717227e-05,0.002243328600974993,4.897068933614137e-06,0.0027365345831800825,0.00018482238568735446,6.886260652981469e-05,0.0,0.0015877242736746543,0.0036912919862566768,0.0007501773483517109,0.0007365767595101765,0.0008244490254846661,0.00019187291312826958,0.000847810979847116,0.0004036697179909774,0.0020050574481027066,0.00023704438904884354,0.0006301306143626876,0.0001313758569941491,2.9126611684295807e-05,0.0017152244833027609,0.0012015129907653663,6.537394042580191e-05,0.0005734649571949371,0.0009317103252272301,0.0005306009999635314,0.0020846773775765877,0.0013231031313440775,0.002288117470953026,0.00013681972263074975,0.00015195145213550072,0.004081508895348939,0.001553453404752069,4.6611795984500445e-05,0.0029976552993203334,0.002503873033326729,0.0003524229074889868,0.00192140048746642,0.0022968683612006697,0.001964694849056828,0.0009542061726363995,3.369974659322368e-05,8.528536380591299e-05,0.0015563994359801881,7.253413610305299e-05,0.0010924957444834282,0.004582009338252153,0.00019953344385921154,0.0003738494535614059,0.0005492875794906252,0.0016424781352178514,0.000625355562624411,0.0013597944171091733,0.0009418191236373055,0.0011978055145880982,0.0025729246363192875,0.0009548541574350014,0.00019441692957083948,0.0013600863132831986,0.0010127829545799145,0.00010537896855513999,9.238340793993399e-05,0.0005972995857892963,0.0004557196741089089,8.657627900942951e-05,0.00282136769409666,0.0014834343246560573,0.0003258838254553139,5.8420628125081346e-05,0.0009176869269017413,0.0019681939851991814,0.0031213902056490567,0.0015981124000378289,4.9856375148851964e-05,0.000137559997868004,0.0010255692194168573,0.0005514726361877458,3.597465118749641e-05,0.0013777225883056731,0.0,0.0023846127202436303,0.00021195903134722674,0.0007110568554454449,0.0006889767405873618,0.002520753295840105,0.0027962140970817784,0.0013014852243148063,0.0006430346583744475,0.004270360640076427,0.0004007212983370066,0.0004347824551903707,7.065292508581836e-05,0.00035678037677745126,0.0015853576634838364,0.0,0.00041150849920938346,0.0012606197477826322,0.0010563701577185212,1.3086090690347367e-05,3.40477509871578e-05,1.2784175140034606e-05,1.5322934477332632e-05,0.004359239336255172,0.0005218298834579927,0.0003473356400361229,0.000908655420341241,0.00013749534644072605,0.00033191348121922883,0.001883661301839924,7.17048587616268e-05,0.0025918810590842057,0.006415034516850176,0.0005194895846913658,0.002972804655681277,0.0020754572548429212,0.001443661040910919,0.00023337450477581767,0.003314639030156212,0.002436486449165551,0.0001131646853532764,0.00040522743389727485,0.001962301998277535,0.0,0.0033021788483651266,0.00025949978872596323,0.00011778061441599885,0.001758290669291771,0.0016594722267470271,1.5737366765879222e-05,0.00018267432472133177,0.003418685369572656,0.0034720602093145305,0.0001624467108931496,8.532714859203874e-05,0.0016823148186684827,0.00017159446391312434,1.2268528903982463e-05,0.0021888006023378023,0.0007628347971198768,0.00011145435139858709,0.0022491251978871544,0.0017635399127807173,0.0014796709846783987,0.00017742378028905086,1.316850994201431e-05,1.3475201830309714e-05,0.00033220131749586197,3.301940618482613e-05,0.0,0.002604071704208343,0.002366085408187466,0.0011297246392741813,7.902678274901246e-05,0.0024342286861733535,0.00023322888206737488,0.002414748626458174,0.002889414576188535,0.002020560513972519,4.90577157582763e-05,0.0,0.0001983352352615094,0.00041831974962321735,7.191648229436416e-05,0.00021659923980124312,0.00036421533393120347
852,0.00019830724645342215,0.0012145552073707104,0.00015737444758135276,0.0004889975550122249,0.0019808389435525633,5.820225547218372e-05,0.0006009615384615385,0.0014013338243116075,0.0028519063402152045,0.002910736404156864,0.0019873447386922895,0.00031309991161659244,0.0021825202294969933,0.0009593347400414305,0.0020332401643917987,0.0008740818735198791,0.00017722093048612285,0.0013852874123318425,0.0007358776881123054,0.0027217118700611437,0.001706553569625366,1.3520971233760421e-05,0.002101952730131733,2.727743883034342e-05,0.0018833935172191377,0.004800283487061336,0.0011487631152235027,0.003126464789804062,0.0020536601523683338,0.00023132031221371249,0.005309524421987268,1.847897710777156e-05,1.2696428562359693e-06,0.00018331030457642932,7.305386436764249e-05,0.0010471198629746115,0.000411811359892624,2.3481710033713917e-05,1.1822763904918025e-05,0.003015489757165666,1.0658408303758498e-05,0.0027534337020190588,0.00018482238568735446,7.013783998407051e-05,5.694436535504812e-05,0.0016530190165038362,0.0038557603083440423,0.0007527373793121957,0.0008419205077734562,0.0010696068559881743,0.00019187291312826958,0.0008756080611535789,0.0004042239555900497,0.002024048180511574,0.00024174367976792293,0.0006370754778567657,0.0001313758569941491,2.9126611684295807e-05,0.0019233132557825684,0.0012066956492445843,6.567125369151584e-05,0.0005734649571949371,0.0009629907678008062,0.0008216281561190987,0.0021919505771417686,0.001329836480613004,0.0023095017463824934,0.00013727127287045522,0.00015195145213550072,0.004200035031614905,0.0016877657187178397,4.670876920776917e-05,0.003027335054759149,0.0028064694872643506,0.0003700440528634361,0.0019569819779750573,0.002359351178425933,0.0020952787967282787,0.000986930137920307,3.385292725955652e-05,8.732812701084503e-05,0.0015627624753750376,7.341333775278696e-05,0.0011034358965839577,0.004786868176027957,0.0003902639416658108,0.0003804147889595046,0.0005727476601445725,0.0016847120253314527,0.0006298020470115304,0.0015012747438333252,0.0012008193826375645,0.0012518191946537121,0.002709830702091343,0.001003526369353812,0.00023455038694729428,0.0013813975075919903,0.001015078667128514,0.00010554712648368543,0.00010918039120174017,0.0006001181445897177,0.00046002617119802444,0.00010284379640292105,0.00305784835399938,0.0015212008586763122,0.0003258838254553139,5.8420628125081346e-05,0.0009384107728972958,0.0021781346769537604,0.003339374615550605,0.0017087139603212894,5.050999113769343e-05,0.00013845358593210643,0.0011017140010675139,0.0005533294464106002,3.637216114536929e-05,0.0015929917427284345,0.0,0.0024458932705962596,0.00021239160079895579,0.0007834210486987424,0.0006889767405873618,0.002533679279180013,0.002850230461562401,0.0014546011330577248,0.0006457892095050378,0.004322904227370432,0.0004007212983370066,0.00043641197279368273,7.084605381042651e-05,0.00035766376984901416,0.0015900983293103516,0.0,0.00041174965111348273,0.0012996802179445785,0.0010949750472032513,0.00015640994110843759,3.5560984364364805e-05,1.2867459668634181e-05,1.532781128652338e-05,0.004456676639190627,0.0005914072012523918,0.0005673764630590071,0.0009106243378284376,0.00013804536419129891,0.00033191348121922883,0.0019031931558523363,7.293921470275026e-05,0.002652320801785193,0.0064745898544349536,0.0005528167128831212,0.003066161314971077,0.0021929766526496116,0.0014704470409470972,0.00023581274587049038,0.0034008677170438606,0.0025796039953122902,0.00011324230173554888,0.00040522743389727485,0.002005908709350369,0.00010093516429721369,0.003390630067517764,0.0002620357111477161,0.00011808092194893102,0.001830337701594458,0.001690014660368138,1.5737366765879222e-05,0.00022907052153434105,0.003653155565846192,0.003709207020507667,0.00020635122735075757,8.615003652356434e-05,0.001696852945260471,0.00045023063127000874,1.2358080209850949e-05,0.002257504757901807,0.000771528337482863,0.00011305867066609708,0.002267910601969735,0.0018731910901775843,0.0015335950230658338,0.0001809274548107835,1.316850994201431e-05,1.3525733837173376e-05,0.00041367492332285887,3.314080106050563e-05,0.00010431583040142629,0.002740638891331845,0.002420862184767494,0.0011744287950851571,7.920288700026374e-05,0.0024759780274221915,0.00023333024185966838,0.0026033819693362286,0.00299304405179786,0.0020770232828260424,4.90577157582763e-05,4.2536065675685404e-05,0.00020065494561544517,0.0004430212405959494,7.238806578481901e-05,0.0002175842792950335,0.0003690742377746436
912,0.00019936550456933915,0.0012159448586377248,0.00015737444758135276,0.0005614416372362583,0.0019808389435525633,5.820225547218372e-05,0.0006009615384615385,0.001442248680495888,0.0028620146881832903,0.0029120867805911745,0.0020717131474103584,0.00042536775186480187,0.002217646866581696,0.0009601252105245216,0.002084198564501869,0.0008847414085628046,0.00017743388522114582,0.0016602565218147962,0.0007532322956547873,0.00275945105292752,0.0017166515197414925,1.3520971233760421e-05,0.0022463616963239895,2.727743883034342e-05,0.0018861426205604235,0.004811851902365011,0.001175240183306721,0.003164617344901595,0.0020867837032129844,0.00023361061233464033,0.005354073440062242,1.8623344116426026e-05,1.2696428562359693e-06,0.00018331030457642932,7.312960709897234e-05,0.0011185204315779498,0.0004423159050698554,2.3481710033713917e-05,1.1822763904918025e-05,0.0030688886182554725,1.4948471532552936e-05,0.002758810694376915,0.00018482238568735446,7.032001619182134e-05,5.694436535504812e-05,0.0016907798316339656,0.003910501983595015,0.0007529139331715394,0.00089168920774036,0.0011188457437214371,0.00019187291312826958,0.0009451007644197359,0.00040487056612230067,0.002032178943189622,0.00024254815124801586,0.000639853423254397,0.0001313758569941491,2.9126611684295807e-05,0.001953471048895584,0.0012231074010954413,6.591609991033906e-05,0.0005734649571949371,0.0009674594024541742,0.0009234515531859349,0.0022413339531953498,0.0013500365284197838,0.0023130657922874045,0.00013772282311016066,0.00015195145213550072,0.004207552545542979,0.001727058579552571,4.6967364469819105e-05,0.0030866945656367792,0.0029049067879276186,0.0003700440528634361,0.0020637264495009695,0.0023918422433830697,0.0022021202084594655,0.001040666923377956,3.392951759272294e-05,8.732812701084503e-05,0.0015971228881072248,7.358917808273376e-05,0.0011047527667442066,0.004826287982690877,0.000522308132454995,0.00038134346225901446,0.0005743158179643272,0.0016878037657326462,0.0006305764347418713,0.001550600022734285,0.0012714558169103624,0.0012806805816415615,0.0027858730929712556,0.0010592966121774495,0.00024739088079189737,0.0013815939241293984,0.0010153456104481189,0.00010565923176938239,0.00010918039120174017,0.0006001181445897177,0.00046002617119802444,0.00010436025988875499,0.0031001715146083677,0.0015323258842016587,0.0003277540339227763,5.8420628125081346e-05,0.0009384107728972958,0.0022306198498924052,0.0033613562367171474,0.0017551986740636134,5.0873111131494244e-05,0.00013903178997358448,0.0011081265192943999,0.0005681839281934351,3.662060486903985e-05,0.0016949613421918478,0.0,0.002587104973582754,0.0002128241702506848,0.0007912867218784486,0.0006889767405873618,0.0025381718939547974,0.002866088476822767,0.0015056397693053642,0.0006482376993988958,0.0043451954462224345,0.0016028851933480265,0.00043768842824961046,7.120012313887481e-05,0.00035766376984901416,0.0016059005487320695,9.250693802035152e-05,0.00041174965111348273,0.001306569807599451,0.0010984845826109539,0.0003130275979421188,3.662024772840972e-05,1.2950744197233754e-05,1.533268809571413e-05,0.004479716001461079,0.0006088015307009915,0.000627605941065271,0.0009112150130745966,0.00013818173222863102,0.00033191348121922883,0.0019457446949508064,7.428578482033949e-05,0.002669749936889664,0.006494695103742174,0.0005541252739296399,0.003075776998044503,0.0023739114385971927,0.0016061163917796897,0.00023650938618325403,0.0034127559586436627,0.002612786104029132,0.00011324230173554888,0.0005065342923715935,0.002087671292611933,0.00014635598823095985,0.003390630067517764,0.0002654361525768848,0.0001182010449621039,0.0018445183873175266,0.001700195471575175,1.5737366765879222e-05,0.00024242440843993046,0.0036912569727406415,0.0037722216904190285,0.00022391303393380077,8.615003652356434e-05,0.0017211113309110561,0.0004793174145458692,1.2358080209850949e-05,0.0023477698688856483,0.00077222942944762,0.00011349412875299265,0.0023379289262775355,0.0019026362978510649,0.0015440095369174845,0.0001809274548107835,1.316850994201431e-05,1.4165805924113087e-05,0.00044004920810851585,3.338359081186465e-05,0.00011379908771064685,0.002868625941044446,0.002432818106590689,0.0011774233318380455,7.968717369120477e-05,0.0024815735354123255,0.00023485063874407108,0.0026677048775315126,0.0030551170823122807,0.002117641907358424,4.90577157582763e-05,4.58080707276612e-05,0.00020153362377981477,0.0004434638089758775,7.238806578481901e-05,0.0002190618385357191,0.00037508038280334053
972,0.00020075930794152252,0.001244432709611523,0.00015744312006757007,0.0006157746989042832,0.0019937856033143448,5.872301249482957e-05,0.000734508547008547,0.0014831635366801686,0.002875359480895544,0.0029218770097399274,0.0021279587532224047,0.0005861041660016815,0.0022823421285541544,0.0009688203858385237,0.0020969381645293862,0.0008971775327795507,0.00017842564584425285,0.0018830163067123787,0.0007532322956547873,0.002809798749978086,0.0017166515197414925,1.3520971233760421e-05,0.0023747252218282175,2.727743883034342e-05,0.001907018624058314,0.004886133305893864,0.0011863434699222642,0.003221865022969035,0.002119907254057635,0.0002954487155996922,0.00540379589249431,1.8623344116426026e-05,1.2696428562359693e-06,0.00018331030457642932,7.392490577793579e-05,0.001171818699888546,0.0004423159050698554,2.3481710033713917e-05,1.1822763904918025e-05,0.0031678258603924244,1.7268721288547595e-05,0.0027873501153532275,0.00018482238568735446,7.032001619182134e-05,5.694436535504812e-05,0.0017417175978772128,0.004062805488959942,0.0007530022101012113,0.0009688306926890609,0.0011960730518504493,0.00019187291312826958,0.0009451007644197359,0.00040496293905547935,0.0020379785081767613,0.00024324470582224266,0.000651736856344264,0.0001313758569941491,2.9126611684295807e-05,0.0019987077385651073,0.0012282900595746592,6.621341317605298e-05,0.0005734649571949371,0.000980865306414278,0.0010684235174495333,0.0023078834934885366,0.001373603250861027,0.0023130657922874045,0.0001381743733498661,0.00015444928422539937,0.004220332319220705,0.0018036259141457202,4.7161310916356556e-05,0.0031757338319532247,0.0031200886184914326,0.0003700440528634361,0.002099307940009607,0.002464322311364375,0.0023089616201906527,0.0010910976917949363,3.438905959172144e-05,8.937089021577708e-05,0.0016263928693235326,7.394085874262734e-05,0.001111641010659355,0.0048929188369977545,0.0006220748543846007,0.00038331262722247867,0.000577400838721882,0.0017173722637008177,0.0006331494004265528,0.0016133222909663694,0.001365637729274093,0.001350457910825037,0.0029033841327589364,0.0010998567887764584,0.00031512547355247434,0.001385718671414971,0.0010165735497183,0.00010601423184075608,0.00010918039120174017,0.0006019971837899986,0.00046002617119802444,0.00010436025988875499,0.003146197951770642,0.0015556006086560018,0.00032915669027337307,5.8420628125081346e-05,0.0009394323709393302,0.0022568624363617277,0.0034034876772863543,0.001800080466642409,5.119991912591498e-05,0.00014060871008670641,0.0011219118845647589,0.0005718975486391438,3.671998235850807e-05,0.001815058870448757,0.0002876042565429968,0.002722987933060324,0.00021477073278346548,0.0008046583662839492,0.0006889767405873618,0.002567288390401757,0.0029126713966500933,0.0015566784055530036,0.0006516043730029504,0.004415253562614441,0.0016028851933480265,0.0004419523326449436,7.145762810501902e-05,0.0003577557899606353,0.0016106412145585848,9.250693802035152e-05,0.00041347216471419174,0.0013196483506731072,0.0011019941180186567,0.00043516444438536085,3.6922894403851115e-05,1.2992386461533541e-05,1.5352195332477127e-05,0.004556993862409889,0.0006957731779439903,0.0007473258850777219,0.0009112150130745966,0.0001390090316551125,0.00033191348121922883,0.001969461946251593,7.451021317327103e-05,0.002737779786813566,0.006562189125244023,0.0005656461016049336,0.0030938460288747866,0.0024399732185152153,0.0017386549114392221,0.00023720602649601765,0.0034631122658567988,0.0026345648610514617,0.00011378561641145624,0.0005065342923715935,0.0021312780036847672,0.00014635598823095985,0.003479081286670401,0.0002678568057976489,0.0001182010449621039,0.001907988391965132,0.001720557093989249,1.5737366765879222e-05,0.00027255625581664496,0.003728992019953414,0.003934809159350632,0.00022391303393380077,8.615003652356434e-05,0.0017261151512264381,0.0005243034120201376,1.2358080209850949e-05,0.002465713428592971,0.0007805023146317519,0.00011370039837310108,0.0023618376223826384,0.0019840319729349963,0.0015694672374437413,0.00018167413954492322,1.316850994201431e-05,1.4233181933264636e-05,0.0004633847166036515,3.4354749817300714e-05,0.00011379908771064685,0.002959432395309811,0.002478861124675759,0.001198515803014144,7.986327794245604e-05,0.0024857987149150803,0.00023728327375911542,0.0027854237624748766,0.0031334206888787614,0.0021447209903800116,4.90577157582763e-05,4.58080707276612e-05,0.00020371274562745143,0.00044377257761303666,7.259017299501395e-05,0.00021977325594790104,0.0003776448042762673
1032,0.00020186918840455742,0.001248254250595813,0.00015751179255378737,0.0006157746989042832,0.002006732263076126,5.875364526086756e-05,0.0008012820512820513,0.0014933922507262387,0.0028815663612268244,0.0029380815269516567,0.0021748300913991096,0.0006326072664966506,0.0023389226927190707,0.0009825548104822315,0.0021224173645844214,0.0009042838894748344,0.00017902191910231717,0.0019491481178538488,0.0007532322956547873,0.0028438244663381604,0.0017343229324447136,1.3520971233760421e-05,0.0023747252218282175,2.727743883034342e-05,0.0019105409127143367,0.0049223607117132645,0.0011880516678631169,0.003241841169377227,0.002119907254057635,0.0003114808164461871,0.005440728465543562,1.8623344116426026e-05,1.2696428562359693e-06,0.00018331030457642932,7.441723353157983e-05,0.0012364508131038358,0.0005185772680129339,2.3481710033713917e-05,1.1884021748984958e-05,0.0032320721839411023,1.9788525039139336e-05,0.0027936134251327085,0.00018482238568735446,7.032001619182134e-05,5.694436535504812e-05,0.0017698415383126738,0.004169125987114053,0.0007530022101012113,0.000990397129341386,0.001267599015084031,0.00019187291312826958,0.0010284920083391243,0.00040496293905547935,0.0020412194415519273,0.0002432839483334667,0.0006528171684433428,0.0001313758569941491,2.9126611684295807e-05,0.0020650548834137417,0.0012282900595746592,6.621341317605298e-05,0.0005734649571949371,0.000980865306414278,0.0012933737882744943,0.0023495114417695813,0.001383703274764417,0.0023130657922874045,0.0001381743733498661,0.00015486558957371582,0.0042281004169463805,0.001892876840898895,4.71936353241128e-05,0.00320541358739204,0.0032349161610372894,0.0003700440528634361,0.002108203312636766,0.0024818175001874486,0.002392060495981576,0.0011142398110796175,3.50783725902192e-05,8.988158101701009e-05,0.0016302106929604423,7.56113418771219e-05,0.0011182253614605996,0.004959860083483081,0.0006220748543846007,0.0003841207690382367,0.0005812113156670805,0.0017257760677256836,0.0006334991239176744,0.001652498335525568,0.001365637729274093,0.0013659897415735183,0.002962230592672311,0.001132642931527324,0.00036910295875400273,0.0013868971706394203,0.00101716082502143,0.00010608896869788739,0.00010918039120174017,0.0006031715832901742,0.00046002617119802444,0.00010436025988875499,0.0032022761395775513,0.0015670183980109626,0.0003300917945071042,5.8420628125081346e-05,0.0009394323709393302,0.0022568624363617277,0.003441955514327804,0.0018369476534035626,5.123623112529506e-05,0.00014102922211687227,0.001129935276935597,0.0005718975486391438,3.6869048592710404e-05,0.0018309208081430657,0.0002876042565429968,0.002789597226921878,0.00021563587168692353,0.0008125240394636554,0.0006889767405873618,0.0025710736903936603,0.0029471130235437016,0.0016587556780482825,0.000652216495476415,0.004434360321630444,0.0016028851933480265,0.0004421696016587186,7.158638058809113e-05,0.000358547162920577,0.0016118263810152135,9.250693802035152e-05,0.00041405781933843283,0.0013323181892757115,0.0011019941180186567,0.0004401496217912075,3.707421774157182e-05,1.3075670990133115e-05,1.5386332996812367e-05,0.004590592932387632,0.0006957731779439903,0.000793144629082487,0.0009112150130745966,0.00013920449250862186,0.000387232394755767,0.0019785303070430703,7.495906987913411e-05,0.002755068364376872,0.006599510064578304,0.0005863268566058582,0.003120421240885409,0.002478688950069546,0.001829796885588297,0.0002382509869651631,0.0034878751097131553,0.0026738598241622356,0.00011386323279372872,0.0005065342923715935,0.002218491425830435,0.00014635598823095985,0.003508565026387947,0.0002710555261250872,0.0001182010449621039,0.0019710009551377997,0.001740918716403323,1.5737366765879222e-05,0.00028762217950500224,0.00377460380032225,0.004082003731815337,0.00022391303393380077,8.615003652356434e-05,0.0017295468252940818,0.0005702258049318582,1.2358080209850949e-05,0.002493883843561151,0.0007842882112414394,0.00011395250568656694,0.0023737919704351893,0.0020635439478647317,0.001586246176426956,0.00018167413954492322,1.316850994201431e-05,1.4233181933264636e-05,0.00047237204082137263,3.5204513947057266e-05,0.00011379908771064685,0.0030380836549097332,0.0024808113814270604,0.0012043979287787458,7.990730400526887e-05,0.002512451603994617,0.00023799279230517,0.0028738861939887487,0.0032059440809772055,0.002165750491024436,4.90577157582763e-05,4.58080707276612e-05,0.00020455627666524627,0.0004442460228566807,7.269122660011141e-05,0.00021982798036422274,0.00037858959113471396
1092,0.00020254027891709016,0.0012492964890460738,0.00015751179255378737,0.0006157746989042832,0.0020455722423614706,5.912123845332346e-05,0.0008012820512820513,0.0014933922507262387,0.0028845146293841827,0.002940444685711701,0.0026247949378954767,0.0007003374796435921,0.0023893894434673458,0.0009888785743469603,0.0021224173645844214,0.000909613656996297,0.0001791192698383277,0.0019769930909660466,0.0007532322956547873,0.0028792319376773233,0.0017368474199737454,1.3520971233760421e-05,0.00245495242526836,2.727743883034342e-05,0.0019150082056439263,0.0049418443585405045,0.0011897598658039698,0.003267616994141194,0.002119907254057635,0.00033896441789732127,0.005475792853963864,1.9008322806171267e-05,1.2696428562359693e-06,0.00018331030457642932,7.441723353157983e-05,0.0013050112847404244,0.000564334085778781,2.3481710033713917e-05,1.1884021748984958e-05,0.003308056824353486,3.190638921279079e-05,0.0027983207554386704,0.00018482238568735446,7.032001619182134e-05,5.694436535504812e-05,0.0017867552367563774,0.0042747165962648175,0.0007530022101012113,0.0010434837426394165,0.0013424075708331634,0.00019187291312826958,0.0010284920083391243,0.00040496293905547935,0.0020431526298809737,0.00024332319084469073,0.0006528171684433428,0.0001313758569941491,2.9126611684295807e-05,0.002151004593785836,0.0012282900595746592,6.621341317605298e-05,0.0005734649571949371,0.000984216782404304,0.0015466685153751525,0.0024247666796414257,0.0013904366240333435,0.0023130657922874045,0.0001381743733498661,0.00015486558957371582,0.0042356179308744545,0.0019799421769126305,4.722595973186904e-05,0.00326477309826967,0.0033475391681252542,0.0003700440528634361,0.002117098685263926,0.0024993126890105223,0.0024395455678621033,0.001120515640038175,3.576768558871696e-05,8.988158101701009e-05,0.0016365737323552918,7.56113418771219e-05,0.0011214668880089045,0.005017489564614961,0.0007218415763142065,0.0003853369752748895,0.0005883999269810028,0.0017271010993261953,0.0006338488474087962,0.0017135967262629707,0.001365637729274093,0.0013977488581786216,0.0030529721976188134,0.0011704990963530655,0.0004501995669553328,0.0013868971706394203,0.0010174811570049557,0.00010627581084071565,0.00010918039120174017,0.0006036413430902444,0.00046002617119802444,0.00010436025988875499,0.0032615285644301347,0.0015730200565180572,0.0003300917945071042,5.8420628125081346e-05,0.0009394323709393302,0.00228310502283105,0.0034727297839609638,0.0019058732634352844,5.141779112219547e-05,0.00014113435012441374,0.0011416141144792492,0.0005774679793077069,3.691873733744451e-05,0.0018467827458373744,0.0002876042565429968,0.002888178981836978,0.00021563587168692353,0.0008180300106894498,0.0006889767405873618,0.0025760559846335165,0.002956776501592987,0.0016587556780482825,0.0006537468016600762,0.004443913701138444,0.0016028851933480265,0.00044252266380610285,7.184388555423534e-05,0.00035869439509917083,0.0016126164919862994,9.250693802035152e-05,0.00041405781933843283,0.0013420687102279462,0.0011019941180186567,0.0004841853555428526,3.707421774157182e-05,1.3075670990133115e-05,1.5386332996812367e-05,0.004614592268086019,0.00071316750739259,0.0008919874840927668,0.0009112150130745966,0.00013925449412231032,0.0004978702218288432,0.001992016587194498,7.507128405559988e-05,0.0027672968704582344,0.00663521893399839,0.0005976280656439741,0.0031306973417523395,0.00252887237932478,0.0019237218207800919,0.00023859930712154492,0.003497634888843124,0.002697701326893729,0.00011386323279372872,0.0005065342923715935,0.0022293931035986436,0.00014635598823095985,0.0035675325058230384,0.0002741677945517839,0.0001182010449621039,0.002002450056539766,0.00175109952761036,1.5737366765879222e-05,0.0002929294935315826,0.0038139874661025706,0.004252287648980389,0.00022391303393380077,8.615003652356434e-05,0.0017338913584733155,0.0006273069101398848,1.2358080209850949e-05,0.002527273378690482,0.0007860175714211733,0.00011445672031349866,0.0023789152624577115,0.0022055154542230623,0.0016060337527450924,0.00018167413954492322,1.316850994201431e-05,1.4233181933264636e-05,0.00048153137124421765,3.5204513947057266e-05,0.00011379908771064685,0.0030623940442406185,0.0024831008132655446,0.0012051703291316735,7.990730400526887e-05,0.0025308368445336295,0.00023799279230517,0.002959812279741596,0.0032741118954545223,0.00217842580648135,4.90577157582763e-05,4.58080707276612e-05,0.0002049428950575689,0.0004444621609026921,7.27249111351439e-05,0.00022015632686215287,0.0003803441953004007
1152,0.00020336623647097658,0.0012499913146795812,0.00015751179255378737,0.0006157746989042832,0.002058518902123252,5.9213136751437435e-05,0.0008012820512820513,0.0014933922507262387,0.0028920293880709833,0.0029441582209060553,0.002643543473166159,0.0007660629099289583,0.002435076303726247,0.0009997475434894627,0.0021224173645844214,0.000909613656996297,0.00017915577636433162,0.00200135744243922,0.0007532322956547873,0.0029160211639955758,0.0017368474199737454,1.3520971233760421e-05,0.0025672705100845596,2.727743883034342e-05,0.0019213655071206501,0.004960414709422717,0.0011936033111708886,0.003292987642350655,0.002119907254057635,0.00034354501813917696,0.005491887983074822,1.9056445142389422e-05,1.2696428562359693e-06,0.00018331030457642932,7.445510489724476e-05,0.001363511973663011,0.000564334085778781,2.3481710033713917e-05,1.1884021748984958e-05,0.0033629229750512554,8.337532768686707e-05,0.002808936868555463,0.00018482238568735446,7.068436860732301e-05,0.00011388873071009624,0.0018152725190161104,0.004372278426378773,0.0007530022101012113,0.001082469224280158,0.0014262000639932773,0.00019187291312826958,0.0010284920083391243,0.00040496293905547935,0.002047701308302259,0.00024339186523933282,0.0006528171684433428,0.0001313758569941491,2.9126611684295807e-05,0.002216597793806645,0.0012291538359878622,6.621341317605298e-05,0.0005734649571949371,0.0009864510997309882,0.0016232166011133414,0.0024715138233296387,0.0013904366240333435,0.0023130657922874045,0.0001381743733498661,0.00015486558957371582,0.004253158796706628,0.002026508397093365,4.725828413962528e-05,0.0032944528537084856,0.0034777026095086216,0.0003700440528634361,0.002117098685263926,0.002524305815900627,0.002463288103802367,0.0011300974860374013,3.576768558871696e-05,8.988158101701009e-05,0.0016518450269029305,7.56113418771219e-05,0.0011255187961942857,0.005036630415619266,0.0007599876758755264,0.0003853892539907337,0.0005895760453458188,0.0017290468664512707,0.000633873827658162,0.0017675906529611405,0.001365637729274093,0.0014252193349501893,0.003112099744865295,0.0011836811537477435,0.0005719906633410973,0.0013868971706394203,0.0010180684323080858,0.00010627581084071565,0.0001511728493562556,0.0006036413430902444,0.00046002617119802444,0.000104498120205649,0.0033144325151913696,0.0015845842277878253,0.0003300917945071042,5.8420628125081346e-05,0.0009394323709393302,0.00228310502283105,0.0035130294227662916,0.001955563819504665,5.163566311847596e-05,0.00014118691412818448,0.0011448978194649978,0.0005774679793077069,3.691873733744451e-05,0.001873974639027618,0.0002876042565429968,0.002909493955872675,0.00021563587168692353,0.0008211762799613324,0.0006889767405873618,0.0025896193285470095,0.0029704044834573647,0.001709794314295922,0.0006537468016600762,0.004459836000318446,0.0016028851933480265,0.00044257698105954656,7.216576676191561e-05,0.00035869439509917083,0.0016157769358706431,9.250693802035152e-05,0.000414092269610447,0.0013424190283459906,0.0011019941180186567,0.0005280133735692541,3.707421774157182e-05,1.3117313254432903e-05,1.5386332996812367e-05,0.004638111617070439,0.00071316750739259,0.0009677362141006445,0.0009112150130745966,0.00013929085893226554,0.0004978702218288432,0.0020006199038428226,7.518349823206565e-05,0.00279287834295028,0.006674243192487292,0.0006049669884363375,0.0031405243585196866,0.0025705285461870347,0.0020145159247988266,0.00023894762727792675,0.0035147664160393457,0.0027144637056465983,0.0001139408491760012,0.0005065342923715935,0.0022293931035986436,0.00014635598823095985,0.0035970162455405846,0.00027704952457650314,0.0001183812294818632,0.002038016131216172,0.00175109952761036,1.5737366765879222e-05,0.0002948127339926273,0.0038506234342703103,0.004401406333503457,0.00022391303393380077,8.615003652356434e-05,0.0017343477880291105,0.0006630460026693123,1.2358080209850949e-05,0.002551721962068333,0.0007866251844572959,0.00011489217840039423,0.002390869610510263,0.0023538320558376315,0.0016144810806469866,0.00018167413954492322,1.316850994201431e-05,1.4250025935552523e-05,0.0004860752018295727,3.5204513947057266e-05,0.00011379908771064685,0.003102434685491488,0.0024870013267681472,0.0012051703291316735,7.990730400526887e-05,0.002541913666473283,0.00023809415209746353,0.003065896415816074,0.003354838292072755,0.0021942699508024914,4.90577157582763e-05,4.58080707276612e-05,0.00020571613184221414,0.0004444827454785027,7.27249111351439e-05,0.00022201695701709026,0.0003825711928953108
